@tick,Chunk source main thread executor for minecraft:the_end-pending-tasks,Chunk source main thread executor for minecraft:overworld-pending-tasks,Chunk source main thread executor for minecraft:the_nether-pending-tasks,Sound executor-pending-tasks,Client-pending-tasks,Server-pending-tasks
1,0.0,0.0,0.0,0.0,183.0,0.0
2,0.0,0.0,0.0,0.0,550.0,0.0
3,0.0,0.0,0.0,0.0,185.0,0.0
4,0.0,0.0,0.0,0.0,28.0,0.0
5,0.0,0.0,0.0,0.0,269.0,0.0
6,0.0,0.0,0.0,0.0,647.0,0.0
7,0.0,0.0,0.0,0.0,269.0,0.0
8,0.0,0.0,0.0,0.0,1065.0,0.0
