x,y,z,type
-31,-39,29,minecraft:mob_spawner
58,7,1,minecraft:mob_spawner
40,-41,-47,minecraft:mob_spawner
-77,18,70,minecraft:mob_spawner
-24,63,-69,minecraft:mob_spawner
-79,-41,7,minecraft:mob_spawner
-75,22,-18,minecraft:mob_spawner
97,32,18,minecraft:mob_spawner
-125,-3,113,minecraft:mob_spawner
-114,-15,-111,minecraft:mob_spawner
78,-20,-113,minecraft:mob_spawner
125,-10,-118,minecraft:mob_spawner
147,-46,11,minecraft:mob_spawner
103,-16,152,minecraft:mob_spawner
-53,-47,171,minecraft:mob_spawner
-12,-27,172,minecraft:mob_spawner
154,6,164,minecraft:mob_spawner
-160,-28,-12,minecraft:mob_spawner
183,55,26,minecraft:mob_spawner
-172,33,-171,minecraft:mob_spawner
135,-43,-194,minecraft:mob_spawner
-58,-51,-223,minecraft:mob_spawner
-52,-51,-220,minecraft:mob_spawner
