x,y,z,uuid,type,alive,display_name,custom_name
-34.21826199598581,66.0,-27.743953307140355,95ec77a9-89dd-405c-b5f3-335d769aa4a8,minecraft:pig,true,Pig,[null]
42.89079061755942,65.0,61.74224573806406,af4d207e-dd68-47a5-b91e-9042623c10fe,minecraft:pig,true,Pig,[null]
37.73995649544455,64.0,62.28551516953395,d288aee9-a27e-4ba6-85ab-2a8ed4ea8185,minecraft:pig,true,Pig,[null]
39.755427106056764,64.0,67.19665872627944,da466f63-b933-44f6-9462-23f483b62604,minecraft:pig,true,Pig,[null]
47.28304822690742,67.0,55.743462134786576,d161abe1-24c4-4588-b4c1-e479b080572e,minecraft:pig,true,Pig,[null]
27.0,64.0,51.0,e217f5c2-7087-4821-beac-ee434ad76f97,minecraft:cow,true,Cow,[null]
50.0,67.0,34.0,daefd697-6cab-4538-8660-9e65cedc83e1,minecraft:cow,true,Cow,[null]
62.13987121776058,66.0,38.14013180362499,5eb9ae1c-c46f-40f9-a89e-a709492b9c4f,minecraft:cow,true,Cow,[null]
59.468512890629725,66.0,44.148564587029824,5f73db64-b4b2-4c0d-ab89-fd1d4b1c96e8,minecraft:cow,true,Cow,[null]
54.0,66.0,37.0,e6d8e1e8-b514-479c-8669-d4ba55e2c0ac,minecraft:cow,true,Cow,[null]
50.0,65.0,13.0,9041b877-a2dc-48a3-bb5d-520755455b3c,minecraft:pig,true,Pig,[null]
50.0,65.0,12.0,eac1c340-daa5-4d76-9774-11adffe656f4,minecraft:pig,true,Pig,[null]
54.195768305927686,64.0,3.7563068199083873,53786329-e5bb-41cf-a0fa-7bcfd1516eb1,minecraft:pig,true,Pig,[null]
53.0,65.0,11.0,b29ebaf6-03b1-4143-9579-9242f1b08689,minecraft:pig,true,Pig,[null]
-12.152582660373687,68.0,-65.08433069401677,6207463f-11f7-4ca8-a145-a6020aa90294,minecraft:chicken,true,Chicken,[null]
-13.831646021623095,67.0,-49.227464410191196,fbfe1f16-95a9-4857-b6e1-eda30c65fa3b,minecraft:chicken,true,Chicken,[null]
47.901011041856265,65.0,-28.15996911322723,a7341bb8-4dc3-4f87-ab3b-f3f6a2f399dd,minecraft:donkey,true,Donkey,[null]
72.16815004110703,69.0,-7.785744547692985,39ec8259-f40f-4e8c-bc5c-1567f62bb325,minecraft:pig,true,Pig,[null]
66.48641548042497,70.0,-11.319647212033463,63613656-3b0c-4925-b121-d1d6600d6f3e,minecraft:pig,true,Pig,[null]
72.0,70.0,-4.0,8d068bed-9653-4fea-afa8-1817db6c8f96,minecraft:pig,true,Pig,[null]
73.75360426301934,70.0,-3.214129182683465,1cb000b3-c0b8-45e3-b5f7-0ebced9a68be,minecraft:pig,true,Pig,[null]
49.236498225453595,67.0,-65.26372191661434,06179860-bd9e-4fd9-aae1-766a7d7f68f1,minecraft:pig,true,Pig,[null]
37.07173829039439,67.0,-62.05149346985088,1924b363-c45a-4a93-a63c-c10baba7a2d3,minecraft:pig,true,Pig,[null]
36.230439543252444,67.0,-58.81841135919157,f684b058-8e7e-47d7-96fe-d89e8cc1d42b,minecraft:pig,true,Pig,[null]
34.66563130075382,67.0,-61.1023428219789,bb87018b-b90a-4abf-9177-61338400d638,minecraft:pig,true,Pig,[null]
85.04512340252545,60.0,-6.491273588589463,34451f93-4688-4a57-9db0-878fa78a438c,minecraft:item,true,Wheat Seeds,[null]
81.743628280153,70.0,77.79592963457812,d03fe7eb-8170-422f-aa15-392d987ae5ee,minecraft:sheep,true,Sheep,[null]
73.52771649137506,72.0,84.11334614177734,e62391da-062b-48ec-9f9b-136dcfb555ca,minecraft:sheep,true,Sheep,[null]
90.79106304274923,71.0,89.5552859842155,8ad85268-0de8-4950-a5c8-362fe0c1eba6,minecraft:sheep,true,Sheep,[null]
83.7991541432686,71.0,86.4085042915352,cf4a7873-1e63-4fbd-a00b-9d71d0b0a634,minecraft:sheep,true,Sheep,[null]
-74.50006685872162,66.0,40.442745980613296,e70bce81-41a6-45a4-ae08-86be6dba8c94,minecraft:pig,true,Pig,[null]
-80.20564669374217,69.0,39.25965101349913,b236e641-893d-4d50-8ea5-cb897880d2c9,minecraft:pig,true,Pig,[null]
-74.0,67.0,37.0,d3c9aab7-35a8-4e92-9055-5de33b2a09bc,minecraft:pig,true,Pig,[null]
-74.51441967429231,66.0,39.44999998807907,52ab51d3-d3e7-4110-848a-0f41f1ee28c7,minecraft:pig,true,Pig,[null]
100.10772600858381,77.0,-49.183649463019115,ece26870-a0ca-46ed-bf3d-8df006c06f27,minecraft:chicken,true,Chicken,[null]
-54.49870160433565,66.0,-67.48765979478755,32af7388-d394-498a-93d1-49673b0c38ff,minecraft:rabbit,true,Rabbit,[null]
-56.0,67.0,-74.0,87f7b844-d851-4e38-a31e-0ff5ee60730d,minecraft:rabbit,true,Rabbit,[null]
-59.537475642510124,67.0,-73.89999999850988,371f5925-69c4-461f-b6a9-f0cf6eec9b47,minecraft:rabbit,true,Rabbit,[null]
-5.637772849739255,68.0,-79.5000509169117,970abeaa-f772-4f3f-bd98-9388459eb441,minecraft:rabbit,true,Rabbit,[null]
-98.22935803466711,65.0,90.26353318982679,de19fa8d-2088-415d-b38d-4d0ca4345646,minecraft:chicken,true,Chicken,[null]
-99.0,64.0,99.0,a7c5e3e5-a0ae-4fe3-9bc2-4a1331d16e15,minecraft:chicken,true,Chicken,[null]
-21.11456761599207,64.0,116.20972303991475,a5b88e35-c142-4f2c-99b1-10215c7db57f,minecraft:chicken,true,Chicken,[null]
-11.0,63.0,113.0,d70ac42a-e7ef-4819-9705-b8d1c71537cf,minecraft:chicken,true,Chicken,[null]
-10.0,63.0,112.40000000596046,05741f68-495f-4409-8a00-a488308c4e2c,minecraft:chicken,true,Chicken,[null]
-5.8739593107121735,66.0,109.46543777367407,dc128b9e-5057-4b60-8e90-e9beca2d3405,minecraft:chicken,true,Chicken,[null]
-16.229204138500492,63.0,106.83180878262345,f4d6375d-4bd7-4119-854a-90847a23474e,minecraft:chicken,true,Chicken,[null]
-9.761466956259158,65.0,107.87938419517529,b9e929de-8b56-45bc-a82d-850ce2e5d929,minecraft:chicken,true,Chicken,[null]
-13.24122243184358,63.0,119.17669543716293,6cef2501-142a-4e3e-aace-e962eba1576e,minecraft:chicken,true,Chicken,[null]
-9.0,64.0,113.0,542b6ff6-eba7-4cf1-9993-cb670f2d8de6,minecraft:chicken,true,Chicken,[null]
-51.0,68.0,-106.0,0cc476be-4b12-40ee-91b8-4fdc7004e206,minecraft:rabbit,true,Rabbit,[null]
-50.0,69.0,-104.0,91cba0eb-d1be-47a0-ba4a-03dee0d3117f,minecraft:rabbit,true,Rabbit,[null]
14.368717753968921,69.0,-98.62448888292495,683ac506-d603-4720-a193-bd8e54b0599d,minecraft:rabbit,true,Rabbit,[null]
3.9816056837038527,68.0,-96.98158453249691,0364d0d9-40d8-4732-bc93-12a6b139093e,minecraft:rabbit,true,Rabbit,[null]
90.05070415666528,70.0,-111.40723810195233,bdc6d0f6-2fb2-4801-a74f-2a4da3a5ec3c,minecraft:pig,true,Pig,[null]
92.51596332967485,72.0,-101.75189407375002,bd2b27b0-a489-4bdb-b84e-8940fc9689e6,minecraft:pig,true,Pig,[null]
92.24500166673693,69.0,-116.19807106848279,44bd5146-0042-4ade-827d-ccbc38f65f02,minecraft:pig,true,Pig,[null]
-54.02525578259612,67.0,-119.53739371880569,35190694-746b-401c-870e-451f03902e62,minecraft:rabbit,true,Rabbit,[null]
-60.16271183901004,66.0,-114.83727857129757,3e1e8dd4-1ea6-499a-9dca-f20fdcd3f6ca,minecraft:rabbit,true,Rabbit,[null]
-143.68445177220343,75.0,99.77220964241634,563960e2-5ba9-40ba-a267-f7275edf3dce,minecraft:sheep,true,Sheep,[null]
-142.792228422468,75.0,112.15708712720375,b30bed49-a0b1-4b11-9d93-5023a1886d93,minecraft:sheep,true,Sheep,[null]
170.0,87.0,3.0,ec30ab41-ec17-4330-8532-2c07c774311c,minecraft:chicken,true,Chicken,[null]
173.0,86.0,2.0,4f2a42ec-8d1b-43f7-992d-9d8a9adab51b,minecraft:chicken,true,Chicken,[null]
174.0,86.0,2.0,19c15119-d518-4d00-9daa-92ef106447c1,minecraft:chicken,true,Chicken,[null]
158.69972911394507,86.0,82.39951354497539,7e91e5c0-931b-4ce3-9c57-b7f7862ce086,minecraft:cow,true,Cow,[null]
150.0,87.0,81.0,83454a1e-56c4-46e2-a0a7-b8d03776e819,minecraft:cow,true,Cow,[null]
149.11758857000245,87.0,81.20440373612092,a5a62164-a485-46c7-9fa3-6bbc3f82f920,minecraft:cow,true,Cow,[null]
166.0,65.0,139.0,b1a9b348-f6e7-4263-87ab-3ff72a5929cc,minecraft:sheep,true,Sheep,[null]
168.0,65.0,138.0,33719d31-c8f6-413e-a40b-5eacc5f521b9,minecraft:sheep,true,Sheep,[null]
172.0,64.0,137.0,f4127033-afc3-49d1-95a3-114885d64d47,minecraft:sheep,true,Sheep,[null]
168.0,65.0,139.0,e124d1df-9121-4b7b-bcc1-757629f4b121,minecraft:sheep,true,Sheep,[null]
178.0,86.0,23.0,773d79a0-84f1-424a-8916-a55c0ce5d001,minecraft:cow,true,Cow,[null]
177.0,86.0,24.0,58f049a8-a8e1-4d46-8189-930fb429148c,minecraft:cow,true,Cow,[null]
181.0,85.0,25.0,cffef85f-31db-4c29-bf96-15831889adbc,minecraft:cow,true,Cow,[null]
179.0,86.0,25.0,1505fea1-3f7e-43cf-89c9-1910c557c9ca,minecraft:cow,true,Cow,[null]
118.0,66.0,-168.0,294ce778-ef8b-410b-bdff-a183c2fa98b9,minecraft:donkey,true,Donkey,[null]
185.0,71.0,-72.0,bdd31024-43b1-49c7-9061-26c1d3d610cd,minecraft:chicken,true,Chicken,[null]
188.0,71.0,-69.0,64db8329-960a-4d42-a3cd-6c8dc8b12161,minecraft:chicken,true,Chicken,[null]
190.0,72.0,-67.0,c2021e25-b56c-4c06-bf6a-4da9f62a28ee,minecraft:chicken,true,Chicken,[null]
183.0,71.0,-66.0,0df2a09e-29ea-496a-a946-3587d228e64e,minecraft:cow,true,Cow,[null]
185.0,72.0,-66.0,6d755850-0ef7-43e6-8c24-51697a065497,minecraft:cow,true,Cow,[null]
186.0,72.0,-67.0,c3fcafa9-50cf-4798-a42d-1870f66751ab,minecraft:cow,true,Cow,[null]
186.0,72.0,-111.10000002384186,51109c3c-c79d-4f1f-b608-9f83e187b229,minecraft:pig,true,Pig,[null]
186.0,76.0,-110.0,8906b7a2-6ef3-4e61-a363-3be640ae8cdf,minecraft:pig,true,Pig,[null]
-22.20368501819829,69.0,-63.547880911766,b8da7627-0081-428c-9cbf-fd50cadd045a,minecraft:player,true,Oscar3434,[null]
170.5,27.0,165.5,57f47d56-f7da-4041-b1a3-19727192c508,minecraft:falling_block,true,Falling Gravel,[null]
170.5,27.0,166.5,1769d703-0425-40b1-bb86-51a80a856fb8,minecraft:falling_block,true,Falling Gravel,[null]
170.5,26.0,167.5,ff94e1bb-949c-4228-9f69-2f3130a80d6b,minecraft:falling_block,true,Falling Gravel,[null]
170.5,27.0,167.5,e09ce3d1-27ba-4f01-a25b-d7c1ba47620f,minecraft:falling_block,true,Falling Gravel,[null]
171.5,27.0,164.5,5a537d09-42d6-4614-876a-93a62ede965e,minecraft:falling_block,true,Falling Gravel,[null]
171.5,28.0,164.5,5cad78f7-2d22-4d30-b7d1-33596b637086,minecraft:falling_block,true,Falling Gravel,[null]
171.5,27.0,165.5,f57e9e5b-cfc2-41f0-b359-8d868f37204f,minecraft:falling_block,true,Falling Gravel,[null]
171.5,28.0,165.5,09b7f77b-fef9-41f7-ac94-9be573ade48c,minecraft:falling_block,true,Falling Gravel,[null]
171.5,26.0,166.5,2dba0b85-d24c-4c7d-9a7a-53a014d4a730,minecraft:falling_block,true,Falling Gravel,[null]
171.5,27.0,166.5,9ca7f60f-dca6-40fb-9925-8b85f7ad69d6,minecraft:falling_block,true,Falling Gravel,[null]
172.5,27.0,163.5,1c233234-8d39-43c3-9d47-be88105aaa3f,minecraft:falling_block,true,Falling Gravel,[null]
172.5,27.0,164.5,e58b004f-507f-41b5-b219-28ba7ffd935f,minecraft:falling_block,true,Falling Gravel,[null]
172.5,28.0,164.5,4e113afc-2663-4a2d-812c-c976ff6a95cb,minecraft:falling_block,true,Falling Gravel,[null]
172.5,27.0,165.5,0e28f978-07b7-4a97-9f33-abbfe455c135,minecraft:falling_block,true,Falling Gravel,[null]
172.5,28.0,165.5,76d40f24-2dd6-4927-beee-8f1aa2096aee,minecraft:falling_block,true,Falling Gravel,[null]
172.5,26.0,166.5,362778cf-863a-44ac-81fa-4af153a12ed4,minecraft:falling_block,true,Falling Gravel,[null]
172.5,27.0,166.5,74cc84b5-366f-419f-8172-2046e4babe9d,minecraft:falling_block,true,Falling Gravel,[null]
173.5,27.0,162.5,e491037a-7b22-4c41-a4a5-e6166bdd7cbf,minecraft:falling_block,true,Falling Gravel,[null]
173.5,28.0,162.5,20103c15-f4e7-4b72-86d4-2b75b1bd9970,minecraft:falling_block,true,Falling Gravel,[null]
173.5,27.0,163.5,b9bfe96b-82f2-4403-bff2-9f4e1a5473e9,minecraft:falling_block,true,Falling Gravel,[null]
173.5,28.0,163.5,cc95c704-666f-4382-979e-67cfe3f04f36,minecraft:falling_block,true,Falling Gravel,[null]
173.5,27.0,164.5,c3f07160-b595-4d8a-ac32-5e9b8464b883,minecraft:falling_block,true,Falling Gravel,[null]
173.5,28.0,164.5,1a3808bd-724a-4609-9aa2-3b8a31a4230c,minecraft:falling_block,true,Falling Gravel,[null]
173.5,27.0,165.5,7f3b6f5c-519d-4aa2-9003-f7d1a4c7100e,minecraft:falling_block,true,Falling Gravel,[null]
173.5,28.0,165.5,b8513d2a-a43b-4bf9-81d5-c7326af67cbe,minecraft:falling_block,true,Falling Gravel,[null]
173.5,26.0,166.5,1dd907ad-e548-48d0-ac4b-bc7ece0c80e1,minecraft:falling_block,true,Falling Gravel,[null]
173.5,27.0,166.5,2faff090-25bd-49cc-82e3-15d66a61265e,minecraft:falling_block,true,Falling Gravel,[null]
174.5,27.0,162.5,aa46ce1d-30ea-476a-aca1-4df92d05f325,minecraft:falling_block,true,Falling Gravel,[null]
174.5,28.0,162.5,fb5edd5d-9dc8-4d23-b714-9faf9452b316,minecraft:falling_block,true,Falling Gravel,[null]
174.5,27.0,163.5,2160240d-99b5-450e-aef6-a768a618c407,minecraft:falling_block,true,Falling Gravel,[null]
174.5,28.0,163.5,d7f77317-0f1e-4cb1-af95-85054ed8929a,minecraft:falling_block,true,Falling Gravel,[null]
174.5,27.0,164.5,4f9f31ab-8ea0-4603-bdf2-d4eee4ee2346,minecraft:falling_block,true,Falling Gravel,[null]
174.5,28.0,164.5,c51e72cc-cd6d-458e-b546-e9319189efee,minecraft:falling_block,true,Falling Gravel,[null]
174.5,27.0,165.5,1771640d-217a-4bf2-9054-7723d7f51f2b,minecraft:falling_block,true,Falling Gravel,[null]
174.5,28.0,165.5,c8172edf-eddc-4511-a198-6c6dbe5feae3,minecraft:falling_block,true,Falling Gravel,[null]
175.5,26.0,162.5,37d467f5-80d8-42a2-85a7-1adea7f6d8a5,minecraft:falling_block,true,Falling Gravel,[null]
175.5,27.0,162.5,c1749a54-d5e1-408e-9fb5-e42ece80cc1b,minecraft:falling_block,true,Falling Gravel,[null]
175.5,27.0,163.5,266fa8e3-dd1a-4e02-8a4c-a5de6066c909,minecraft:falling_block,true,Falling Gravel,[null]
175.5,28.0,163.5,f6955315-8af4-4db4-a6cd-914bae2209dc,minecraft:falling_block,true,Falling Gravel,[null]
171.5,28.0,166.5,0b2606a5-808a-4d29-83e6-0e41aa508501,minecraft:falling_block,true,Falling Gravel,[null]
172.5,28.0,166.5,344ed3af-6493-4f92-901b-71343176e055,minecraft:falling_block,true,Falling Gravel,[null]
173.5,28.0,166.5,2152c69f-202c-4e67-a62e-8131a5a47d67,minecraft:falling_block,true,Falling Gravel,[null]
175.5,28.0,162.5,6cae34e8-cf9b-449b-98c3-40daba1068a9,minecraft:falling_block,true,Falling Gravel,[null]
-62.608541585267844,60.75,91.286774460523,4ba97168-6d30-4333-898d-325c7fbbd353,minecraft:item,true,Sand,[null]
96.875,58.30237239240609,64.125,3e751bed-38c4-4d01-bea0-bcbc6957c998,minecraft:item,true,Wheat Seeds,[null]
95.125,57.0,71.42905130743031,b97334ef-5551-4a7e-bbc2-4475d2094e5a,minecraft:item,true,Wheat Seeds,[null]
-11.16240484027313,-39.0,-58.51424227180547,a9c6ac6c-3967-4151-90c0-5a45838a7cab,minecraft:creeper,true,Creeper,[null]
-13.022800082794463,43.0,-39.508084735868444,c2f2e856-8fb6-46dc-9093-421e9303e68f,minecraft:creeper,true,Creeper,[null]
-86.27947811936879,6.0,-51.85441943443364,702db507-da06-43f7-9ca3-0f4ea6defbab,minecraft:creeper,true,Creeper,[null]
-13.424234441105991,54.0,-42.294634162678946,cc09696b-12c3-4253-be0c-1c6e2f08530b,minecraft:skeleton,true,Skeleton,[null]
-25.77403416391677,63.0,-67.15195934147086,e2d9e007-8220-400c-a473-534e64f1dfab,minecraft:creeper,true,Creeper,[null]
-29.5,-18.0,24.5,aaf5f1f4-2d60-434c-a181-117f4cc65d6f,minecraft:creeper,true,Creeper,[null]
-77.0,67.0,-177.0,a577a002-d69b-4d63-9124-46dd8d90f000,minecraft:rabbit,true,Rabbit,[null]
-79.0,67.0,-179.0,1d2d02bd-f416-4de8-81b6-09e2eb93e331,minecraft:rabbit,true,Rabbit,[null]
-88.0,65.0,-188.0,aca53e84-2857-4d58-b359-a63f487e75c9,minecraft:rabbit,true,Rabbit,[null]
-86.10000000149012,65.31760000818967,-185.6909421113304,65f74ab5-0ed0-4ccc-8960-cd21c9a3e6ab,minecraft:rabbit,true,Rabbit,[null]
-87.0,66.0,-185.0,d3be4c34-bd61-47c5-be9f-f8e4a047667b,minecraft:rabbit,true,Rabbit,[null]
96.5948140011441,63.0,-188.16503624962732,65f8e528-2eee-457f-a012-278c57c33d6b,minecraft:cow,true,Cow,[null]
97.08323303372765,63.0,-185.59132746671557,88f9be11-32cc-4b96-bdb9-28ecb6413c30,minecraft:cow,true,Cow,[null]
98.59085385810147,63.0,-190.1718094246719,c54013df-e777-49cb-b01e-f7798436bd7f,minecraft:cow,true,Cow,[null]
95.71847991202998,63.0,-185.81587361305984,32eb1e8d-7b47-40c6-9390-c53ab288e436,minecraft:cow,true,Cow,[null]
-152.0,66.0,-189.0,4d85bd15-d424-4cca-9c18-7fbad66d9c72,minecraft:rabbit,true,Rabbit,[null]
-152.68387424678338,65.20000000298023,-188.1868121001521,ba29645b-428a-4228-9f4b-dbc3ce6c3891,minecraft:rabbit,true,Rabbit,[null]
-153.10000000149012,65.20000000298023,-186.53519557289516,a4c130f8-3359-4775-ab15-e6a7d01e5679,minecraft:rabbit,true,Rabbit,[null]
-40.190080181999576,19.0,-73.58628747036902,f530b561-f3f4-49cb-a950-62861c14a151,minecraft:zombie,true,Zombie,[null]
33.99066006118246,-14.362463607548175,-20.967969479560928,d5bbeca5-7266-4e75-9231-0d5bd94f5ebf,minecraft:bat,true,Bat,[null]
-51.51941941579635,0.0,-144.15275651553827,f9d443cc-4117-4f35-b9bf-11080ed56116,minecraft:creeper,true,Creeper,[null]
-7.5,2.0,-38.5,ffbc5f68-dc36-452d-b5e0-f5e338134fc0,minecraft:spider,true,Spider,[null]
36.0,63.0,-198.0,8b6f1abc-ec42-45d8-88dc-d99f1efdf9ab,minecraft:rabbit,true,Rabbit,[null]
37.0,63.0,-198.0,c57bdd56-5c72-427d-be32-d332f18015d3,minecraft:rabbit,true,Rabbit,[null]
37.0,63.0,-198.0,3c7e6adc-5180-4849-bc00-cda2abb13640,minecraft:rabbit,true,Rabbit,[null]
-5.5,-43.0,-107.5,08663258-fe01-41a3-9ac6-c40dcab78b43,minecraft:skeleton,true,Skeleton,[null]
-71.5,12.0,-122.5,f185d8b0-7c9c-4a10-8748-1ca9c35b7113,minecraft:creeper,true,Creeper,[null]
112.5,39.0,-183.5,69f960d9-d848-42cc-a2b2-9683a7f3deeb,minecraft:falling_block,true,Falling Gravel,[null]
112.5,40.0,-183.5,22c15692-faa5-4d5b-8763-ee5ad0726b4b,minecraft:falling_block,true,Falling Gravel,[null]
113.5,40.0,-183.5,4c48027c-5c83-46e9-beb4-230cc12e18f0,minecraft:falling_block,true,Falling Gravel,[null]
112.5,40.0,-182.5,dd303b61-fe5e-42a6-943b-82c1e05f11fa,minecraft:falling_block,true,Falling Gravel,[null]
112.5,41.0,-183.5,cda1ea51-db6e-41f8-b60e-d6d689c16a87,minecraft:falling_block,true,Falling Gravel,[null]
114.5,40.0,-183.5,0cb201c9-ac2b-4bc4-9b7d-bc718a527741,minecraft:falling_block,true,Falling Gravel,[null]
113.5,40.0,-182.5,3cf53ad0-812d-4c0c-a363-6fcbbe729754,minecraft:falling_block,true,Falling Gravel,[null]
113.5,41.0,-183.5,a46d1fd2-3ec0-428d-a748-87ea3a9dd5b6,minecraft:falling_block,true,Falling Gravel,[null]
112.5,40.0,-181.5,3ce91816-4d4d-4d43-8523-b43307e3889d,minecraft:falling_block,true,Falling Gravel,[null]
112.5,41.0,-182.5,d26cefb4-2bdb-4890-97a8-29b8f68efa4a,minecraft:falling_block,true,Falling Gravel,[null]
112.5,42.0,-183.5,7752f8d9-2bf6-4248-90ce-60de89f2315f,minecraft:falling_block,true,Falling Gravel,[null]
114.5,40.0,-182.5,8561300f-4a62-4ee3-80e1-50600e6d6ff1,minecraft:falling_block,true,Falling Gravel,[null]
114.5,41.0,-183.5,5e085f18-43e6-476a-8820-6a3ef43060c4,minecraft:falling_block,true,Falling Gravel,[null]
113.5,40.0,-181.5,2f5a4315-ea19-41c4-9564-bd52d895e097,minecraft:falling_block,true,Falling Gravel,[null]
113.5,41.0,-182.5,62507b54-db99-47d1-b849-dc5c509c4c75,minecraft:falling_block,true,Falling Gravel,[null]
113.5,42.0,-183.5,e7e81292-0e5f-4eed-a477-c234dd568491,minecraft:falling_block,true,Falling Gravel,[null]
112.5,41.0,-181.5,7bbc4b07-f3f5-4498-bdcb-155027cb991b,minecraft:falling_block,true,Falling Gravel,[null]
112.5,42.0,-182.5,932989a6-aada-4fc5-9711-9970caba5264,minecraft:falling_block,true,Falling Gravel,[null]
115.5,40.0,-182.5,7704fc71-a45e-4fe2-96ac-7b89abc3893f,minecraft:falling_block,true,Falling Gravel,[null]
114.5,41.0,-182.5,962cf522-1ad4-47a3-b256-f8b59a0d5bbc,minecraft:falling_block,true,Falling Gravel,[null]
114.5,42.0,-183.5,e523e65e-6033-452f-9886-0acb06c27498,minecraft:falling_block,true,Falling Gravel,[null]
113.5,41.0,-181.5,ada72611-b7f1-4ac3-ab29-e7c16beab8f1,minecraft:falling_block,true,Falling Gravel,[null]
113.5,42.0,-182.5,df1e9483-0ad2-4564-ae32-c6c819634948,minecraft:falling_block,true,Falling Gravel,[null]
112.5,42.0,-181.5,8af5cfa9-de69-4414-bede-e74259452c7c,minecraft:falling_block,true,Falling Gravel,[null]
115.5,41.0,-182.5,2c7658f4-f477-4af0-b116-641e361e7793,minecraft:falling_block,true,Falling Gravel,[null]
114.5,42.0,-182.5,b5e9bfb8-7a2f-4756-869a-b83a1b1d3785,minecraft:falling_block,true,Falling Gravel,[null]
113.5,42.0,-181.5,1e1a92c5-f72d-4115-bd2e-1ae68950bd2b,minecraft:falling_block,true,Falling Gravel,[null]
115.5,42.0,-182.5,7fb72605-a0cf-445d-9607-7fb4082d5176,minecraft:falling_block,true,Falling Gravel,[null]
61.17945563882285,32.0,-9.539752197787385,c56b55b9-c782-49f5-b6a9-5af1c521422f,minecraft:creeper,true,Creeper,[null]
-60.5,67.0,-193.5,d0c881d3-e9ec-45b4-a021-1b4a6861e499,minecraft:falling_block,true,Falling Sand,[null]
-57.5,67.0,-194.5,6256077e-321a-4067-a83a-0f3407dd01af,minecraft:falling_block,true,Falling Sand,[null]
56.5,21.0,-6.5,ec7d764b-95ee-4469-94c7-ff45529de684,minecraft:zombie,true,Zombie,[null]
59.0,63.0,-217.0,75d2e3d0-4e14-4f4c-859a-0387215efb77,minecraft:rabbit,true,Rabbit,[null]
60.0,63.0,-216.0,99cc6323-b672-467c-b39d-b2c7e8ff0189,minecraft:rabbit,true,Rabbit,[null]
-32.961452736021464,14.639098212382548,-14.934816494328357,a5a3ce22-ed4a-42ef-ad1d-d5954dde8859,minecraft:bat,true,Bat,[null]
-85.30000001192093,7.0,20.5,4cf48d93-4792-4e68-9f32-4d396e0ddd20,minecraft:zombie,true,Zombie,[null]
17.69999998807907,9.0,-43.69999998807907,af7b00c6-c703-4093-9ca1-4f966495497b,minecraft:zombie,true,Zombie,[null]
-82.93298392185756,27.22421727339373,26.93827690829141,bfc25602-6a66-4fdb-8a4c-b10813e8c623,minecraft:bat,true,Bat,[null]
14.5,-22.0,-102.5,e94eb9f6-af02-45d1-b409-75d279ef2be1,minecraft:creeper,true,Creeper,[null]
-49.613376160136006,18.0,-112.75380915057102,f369d8e5-f628-4ba0-80f1-7c81a08169c0,minecraft:skeleton,true,Skeleton,[null]
26.5,25.0,-4.5,055aae44-cef3-4762-b7ff-7f078a0d447a,minecraft:zombie,true,Zombie,[null]
-62.70061736730554,8.479547808563916,-108.55801407815044,822a9d7c-8518-4035-8f6b-0aaacacc192a,minecraft:bat,true,Bat,[null]
-25.166769328179235,63.0,-66.84630111776367,7c4cb96f-9ae8-4afd-bf60-c31482635a3f,minecraft:zombie,true,Zombie,[null]
3.099924593671116,59.71860850905068,60.60892334411885,b72045b9-9fa1-46e1-a4e7-7d286a239a0b,minecraft:squid,true,Squid,[null]
-12.137226870180143,49.0,-113.85639850127538,15c1697d-2955-4f2a-a067-6e5a1aec3034,minecraft:creeper,true,Creeper,[null]
-14.423365574557419,35.0,-77.15080103330894,72bcb163-5640-4c4b-ac52-c4d896cc608e,minecraft:creeper,true,Creeper,[null]
-71.14474764681843,-2.349550494077361,-78.24152119140284,5ebcfec6-0cbe-452e-8e11-1fceeb3a5a46,minecraft:bat,true,Bat,[null]
-5.793745275572078,27.0,-75.41083729078728,6a5b42d2-0b2e-434a-ab6d-8c46f625098c,minecraft:creeper,true,Creeper,[null]
-9.480179220744905,28.0,-76.17455403354349,75ecdbd5-ff70-415e-ae23-4c45bbcb7895,minecraft:creeper,true,Creeper,[null]
-64.5,34.0,-108.5,d325ef57-7659-423e-adf4-7bdf098bd8db,minecraft:creeper,true,Creeper,[null]
-12.5,23.0,-32.5,2f90a0a4-074d-4e7e-abf8-82f89ffe6a82,minecraft:skeleton,true,Skeleton,[null]
-15.67316637639611,23.0,-28.937612798237105,f5abc153-608e-41cc-96bc-4d02cd083dcf,minecraft:creeper,true,Creeper,[null]
55.65857153605303,27.0,-97.38838721380176,93c24b60-084e-4b2f-9841-2b5fbc9338d6,minecraft:skeleton,true,Skeleton,[null]
56.2083356049105,27.0,-99.45089633714103,d3423291-f3a5-4aa1-b706-c45d23b25f4a,minecraft:skeleton,true,Skeleton,[null]
-17.489684588582108,-23.0,-52.16426331756971,7bb3627c-bf1c-4e8f-9aa2-7db88d2bf434,minecraft:creeper,true,Creeper,[null]
-24.429395966566165,-34.73611164664889,-25.034721496479776,a824b0a4-9d33-4956-ad21-0d72550920e0,minecraft:bat,true,Bat,[null]
-12.300000000745058,-29.899999976158142,-61.25,2561fdbd-56a3-43af-9c2a-b04169120d54,minecraft:bat,true,Bat,[null]
-58.56926652841465,5.0,-111.7958613429901,d565f6b4-7852-46f4-a7d6-c4e5ea92f90f,minecraft:creeper,true,Creeper,[null]
-51.5,49.0,-4.5,fde83f81-6eb7-40ee-a8a6-3f089fce5178,minecraft:zombie,true,Zombie,[null]
17.435157619119796,-6.0,-39.20631809770959,eecaefc6-3a0e-4f24-ae65-e7cb06292950,minecraft:creeper,true,Creeper,[null]
-23.5,-39.0,-41.71705686915944,f3f0ebb1-dffc-47b0-98ac-c14f7dc81363,minecraft:skeleton,true,Skeleton,[null]
-19.737364145053352,-37.0,-41.47563357226455,6ba6be2c-f77f-4e9a-9b7c-62f81f2dc50c,minecraft:skeleton,true,Skeleton,[null]
-27.5,-36.0,-46.5,54b95163-47b7-4378-b43b-7a92bc2eb19f,minecraft:skeleton,true,Skeleton,[null]
2.4000000059604645,21.304674627259374,37.507758067920804,fc79ddd1-1000-4530-8a5b-2b031746c2c5,minecraft:glow_squid,true,Glow Squid,[null]
9.553858159575611,22.852373968577012,41.599999994039536,4867453f-d722-4332-b191-7c197caa82ea,minecraft:glow_squid,true,Glow Squid,[null]
12.598908543586731,22.0,37.484109262004495,c5337fb2-ec4d-4f69-8ef8-8caf73a22340,minecraft:glow_squid,true,Glow Squid,[null]
-20.50135218348069,63.0,-63.43945930769687,ab990e69-6ddd-49af-ab40-7db3d38175b3,minecraft:zombie,true,Zombie,[null]
-88.25251320427604,-4.0,-65.4261042724435,410a2926-b1ac-494d-a3db-0031cf0c8387,minecraft:zombie,true,Zombie,[null]
16.420811243431988,10.596589663699616,-104.27097994417908,b6c1376a-e921-4d27-8bf1-2d44b7dbab7a,minecraft:bat,true,Bat,[null]
18.968343958352207,8.0699677867771,-109.68323189604045,aaabb2ae-2cd7-47db-941d-947e23dae89f,minecraft:bat,true,Bat,[null]
14.652850056219362,10.02766399909711,-92.89007625567358,d88e0153-dfcb-409c-9256-306f8fe63ae1,minecraft:bat,true,Bat,[null]
32.6934557333679,3.9333719427294698,-116.06078692335514,7e0a04d2-e5fc-467d-889f-a085361324c0,minecraft:bat,true,Bat,[null]
-70.5,24.0,-99.5,51f6a3a6-e458-4506-831b-74c321a5925d,minecraft:creeper,true,Creeper,[null]
35.5,13.0,34.5,3431a122-f427-41a7-91a3-9347ece1e06e,minecraft:zombie,true,Zombie,[null]
32.47971075423039,16.0,-56.73837221795565,2b6f29b5-f6f2-4256-aa63-0e7ad1153d78,minecraft:skeleton,true,Skeleton,[null]
35.520609966768376,12.0,-66.24511562776047,8f7f30f0-8375-4e9c-8795-462cdccc67ea,minecraft:zombie,true,Zombie,[null]
0.9443020299077034,55.02754960418679,-180.2536347862333,811f552e-2e35-4a30-b6db-2509e111c47f,minecraft:squid,true,Squid,[null]
-71.5,4.0,-40.5,8ce53011-5cec-4d51-828c-12601d6eaff8,minecraft:skeleton,true,Skeleton,[null]
-78.26873159776054,5.0,-38.498061235746455,a8b8536c-be1d-4ba9-b7e1-2cb1d922d57d,minecraft:skeleton,true,Skeleton,[null]
-36.751468154942295,22.0,15.183286739839021,0cef4f1f-21f4-4459-87e0-99949cae09b3,minecraft:zombie,true,Zombie,[null]
-42.20221430084613,24.0,7.737317505743061,3cd0820a-117f-4f54-aa90-73cc1aac4e56,minecraft:zombie,true,Zombie,[null]
-112.5,26.0,-9.5,82e18e67-7193-4b09-a78d-939fc83c2c3b,minecraft:zombie,true,Zombie,[null]
-11.827605826345527,37.0,-79.4192162058766,0cf1254e-21ff-40dd-8261-fd9aa263920b,minecraft:creeper,true,Creeper,[null]
-81.67560690262344,25.0,2.509418727752272,0c09ee75-a801-4b75-a78f-2376b1588677,minecraft:skeleton,true,Skeleton,[null]
-21.006279141642153,57.324557029409334,-188.6349085806869,dc75ac25-b92c-4b57-9331-bdb623f60bb8,minecraft:squid,true,Squid,[null]
-22.815309455618262,56.0,-185.47741739149205,0cb17cb4-4934-4bf0-bd29-4e273f4f1f5c,minecraft:squid,true,Squid,[null]
-25.599999994039536,56.0,-184.40779636614025,1e014be1-d298-4601-b261-a6a2ed2e645b,minecraft:squid,true,Squid,[null]
-72.5,7.0,4.5,3c46df46-ef93-433b-9bfc-953bb45ec244,minecraft:creeper,true,Creeper,[null]
-10.517767034749273,40.0,-79.82538455432538,77b00773-bcca-4d75-aae9-a8d012bcaa78,minecraft:creeper,true,Creeper,[null]
-115.5,14.0,-30.5,83d1f9d0-a261-4f32-a229-478200be4483,minecraft:skeleton,true,Skeleton,[null]
-101.39281693405182,-30.0,-47.22512119942712,a12092cb-5836-4fb6-848a-ea743f8b5276,minecraft:enderman,true,Enderman,[null]
-0.7284931994180864,-40.0,-24.450909057803166,75b36572-6325-41dc-8c3e-8207002deb3a,minecraft:enderman,true,Enderman,[null]
-49.47248273006281,22.0,-105.73607218574283,a5286e71-763e-4cf3-a183-595d2385a7b8,minecraft:skeleton,true,Skeleton,[null]
-43.79553337010802,21.0,-104.80671569906269,d41dbadf-58a7-44b7-afbb-a4eb7bf65701,minecraft:skeleton,true,Skeleton,[null]
-112.53431277962953,-8.0,-62.2881630412704,97ad77f4-4c1a-42d4-9c38-ef0585080ac0,minecraft:skeleton,true,Skeleton,[null]
13.191666209590492,16.0,-45.55919144404805,9012dba3-a220-4e26-9870-3716e442c2f6,minecraft:creeper,true,Creeper,[null]
5.5,16.0,-50.5,1217bfbf-3d05-4ccf-88a8-a1ef2eb2118f,minecraft:creeper,true,Creeper,[null]
-0.21953591044072393,18.0,-48.54077054862158,3418cf03-dc6c-4b0c-886f-aef4b5e39726,minecraft:skeleton,true,Skeleton,[null]
5.738111123813261,18.0,-47.80690430173395,41971e45-e343-4ff6-ba66-7af62254b2bc,minecraft:skeleton,true,Skeleton,[null]
-59.445784098392636,-9.87432476391268,-53.88555374171184,bc9b75b7-c046-4b9f-9a0b-4324e5306d10,minecraft:bat,true,Bat,[null]
29.5,34.0,-18.5,49b0186b-53ae-46a7-a6db-dc9eed778905,minecraft:zombie,true,Zombie,[null]
29.73427038881552,35.0,-19.44882860812749,6ec3d8c1-f840-4144-9231-8d28273ab253,minecraft:zombie,true,Zombie,[null]
32.5,34.0,-14.5,7107c1c6-95c9-4561-83e1-d92a671389c3,minecraft:zombie,true,Zombie,[null]
36.467677749945594,35.0,-17.193273260525658,44238504-05e6-44b1-826e-409a3d2aa898,minecraft:zombie,true,Zombie,[null]
-132.44926577806473,29.64664326934144,-28.599999994039536,5e04204d-628d-4945-b247-d733e181a5c7,minecraft:glow_squid,true,Glow Squid,[null]
-131.40000000596046,29.481809850782156,-26.400000005960464,548bf60a-567c-42c6-a370-41bc814d8bc5,minecraft:glow_squid,true,Glow Squid,[null]
-132.81324635073543,26.869118777569383,-24.726859680082672,da57ab48-6b17-47e0-aed0-b0a5c7f38311,minecraft:glow_squid,true,Glow Squid,[null]
-132.40000000596046,27.171980840153992,-23.125658618286252,c32ed5ef-1fbc-4fb3-b9c1-f3643ee71303,minecraft:glow_squid,true,Glow Squid,[null]
-62.928388267220484,13.416293667685428,-103.79946697622634,e7ec1df0-5f5c-423f-a3df-38564f22bdba,minecraft:bat,true,Bat,[null]
-2.5,-47.0,-107.5,afa571d6-3b94-471e-b83e-003a1aba1b4d,minecraft:creeper,true,Creeper,[null]
-54.72766804414262,30.24918707874468,-99.48053807904326,251e5684-4df6-4d69-a894-3be4d97c4340,minecraft:skeleton,true,Skeleton,[null]
0.5,-40.0,-101.11793612418116,cbf5b5a4-3f57-4d1d-96ca-cc2f55f8ae47,minecraft:creeper,true,Creeper,[null]
30.5,56.0,-26.5,3adee855-fe30-4de4-ba3e-5dd05649f32f,minecraft:zombie,true,Zombie,[null]
33.5,40.0,-24.5,5cffc5dc-075b-44d0-a504-f6fd709a4af6,minecraft:zombie,true,Zombie,[null]
31.5,40.0,-24.5,2ee10428-3ed2-45d4-99f6-326cfdde1d5d,minecraft:zombie,true,Zombie,[null]
33.05144169592346,39.0,-25.494663174410448,dae49884-542c-4cd6-bf97-96cc42af8296,minecraft:zombie,true,Zombie,[null]
28.5,40.0,-29.5,c6be18e5-4adc-4b6f-9a4e-0e951671c842,minecraft:creeper,true,Creeper,[null]
0.8147279749039797,-1.9300322132229009,10.555716647403084,a6be1356-3025-4630-a0f0-1ccd18a29929,minecraft:bat,true,Bat,[null]
10.668020788540012,22.0,-44.36320011459186,fcaed81d-68ba-4cbb-86de-dc91a89e603c,minecraft:bat,true,Bat,[null]
7.0251294609926465,22.991624393017354,-38.743229454567285,258557cc-8065-4f55-a194-264717c2f94b,minecraft:bat,true,Bat,[null]
8.576733908947132,22.991624393017354,-35.02512946099266,0777230f-8942-440b-a7bd-a575752b9bfe,minecraft:bat,true,Bat,[null]
