x,y,z,visibility,load_status,entity_count
0,-1,0,TICKING,LOADED,1
2,4,4,TICKING,LOADED,1
11,4,-7,TRACKED,LOADED,2
3,1,-7,TICKING,LOADED,2
2,1,-4,TICKING,LOADED,1
2,4,-4,TICKING,LOADED,3
6,4,-4,TICKING,LOADED,1
-4,1,-8,TICKING,LOADED,1
-4,4,-8,TICKING,LOADED,2
-4,-1,-4,TICKING,LOADED,1
-2,3,-5,TICKING,LOADED,2
7,4,-11,TRACKED,LOADED,1
0,1,-3,TICKING,LOADED,5
0,3,3,TICKING,LOADED,1
-5,1,-7,TICKING,LOADED,1
-5,2,-7,TICKING,LOADED,1
-5,4,-12,TICKING,LOADED,2
5,3,4,TICKING,LOADED,1
5,4,4,TICKING,LOADED,1
-5,-1,-5,TICKING,LOADED,1
-7,4,5,TICKING,LOADED,1
2,2,-1,TICKING,LOADED,1
0,0,-6,TICKING,LOADED,1
-4,4,-13,TRACKED,LOADED,2
0,1,2,TICKING,LOADED,3
-7,-2,-3,TICKING,LOADED,1
-6,4,2,TICKING,LOADED,1
11,4,-5,TRACKED,LOADED,6
-3,1,-5,TICKING,LOADED,1
1,4,3,TICKING,LOADED,1
-1,1,-4,TICKING,LOADED,1
-1,4,-4,TICKING,LOADED,1
-1,-3,-4,TICKING,LOADED,1
-1,-2,-4,TICKING,LOADED,1
3,1,-1,TICKING,LOADED,1
3,2,-1,TICKING,LOADED,1
-3,1,0,TICKING,LOADED,2
-1,3,7,TICKING,LOADED,3
-1,4,7,TICKING,LOADED,1
9,5,5,TICKING,LOADED,3
-4,0,-10,TICKING,LOADED,1
10,4,8,TRACKED,LOADED,4
-1,-3,-7,TICKING,LOADED,2
-7,4,6,TICKING,LOADED,1
5,4,5,TICKING,LOADED,2
0,4,-7,TICKING,LOADED,2
0,-3,-7,TICKING,LOADED,1
0,-2,-7,TICKING,LOADED,1
3,4,2,TICKING,LOADED,4
7,2,-12,TRACKED,LOADED,28
-4,0,-7,TICKING,LOADED,3
-4,1,-7,TICKING,LOADED,2
-4,4,-7,TICKING,LOADED,2
0,3,-12,TICKING,LOADED,1
-9,1,-2,TICKING,LOADED,4
-8,1,-1,TICKING,LOADED,1
-2,-3,-2,TICKING,LOADED,1
-6,1,0,TICKING,LOADED,1
-5,0,-3,TICKING,LOADED,2
1,0,-3,TICKING,LOADED,1
1,-1,-3,TICKING,LOADED,1
-6,4,-12,TICKING,LOADED,3
0,1,-4,TICKING,LOADED,1
2,3,-13,TRACKED,LOADED,3
-6,0,-4,TICKING,LOADED,1
3,3,-14,TRACKED,LOADED,2
11,5,1,TRACKED,LOADED,4
1,2,-2,TICKING,LOADED,4
1,3,-2,TICKING,LOADED,1
-1,0,-3,TICKING,LOADED,1
-1,1,-3,TICKING,LOADED,1
-1,2,-3,TICKING,LOADED,1
-1,3,-3,TICKING,LOADED,1
2,0,-8,TICKING,LOADED,1
-2,4,7,TICKING,LOADED,1
-3,0,-1,TICKING,LOADED,1
3,4,0,TICKING,LOADED,4
-8,-1,-4,TICKING,LOADED,1
4,4,5,TICKING,LOADED,1
-9,4,7,TICKING,LOADED,1
5,3,-1,TICKING,LOADED,1
-5,0,0,TICKING,LOADED,1
-6,0,1,TICKING,LOADED,1
-6,1,1,TICKING,LOADED,1
1,0,-7,TICKING,LOADED,2
-1,4,6,TICKING,LOADED,2
6,3,-12,TICKING,LOADED,3
-1,3,-8,TICKING,LOADED,1
-3,4,-2,TICKING,LOADED,1
2,0,-5,TICKING,LOADED,1
-5,4,2,TICKING,LOADED,3
-2,3,-12,TICKING,LOADED,3
-2,3,-4,TICKING,LOADED,1
-2,4,-4,TICKING,LOADED,1
-2,-2,-4,TICKING,LOADED,1
-4,4,-5,TICKING,LOADED,3
-10,4,-12,TICKING,LOADED,3
-4,3,-1,TICKING,LOADED,1
2,4,3,TICKING,LOADED,3
4,4,-1,TICKING,LOADED,4
10,1,10,TRACKED,LOADED,43
-9,4,6,TICKING,LOADED,1
-1,1,-5,TICKING,LOADED,2
-1,2,-5,TICKING,LOADED,3
-1,4,-5,TICKING,LOADED,2
10,5,0,TRACKED,LOADED,3
-5,0,-8,TICKING,LOADED,1
2,2,-2,TICKING,LOADED,3
2,4,-2,TICKING,LOADED,1
2,-1,-2,TICKING,LOADED,1
-3,1,-7,TICKING,LOADED,1
-2,-2,1,TICKING,LOADED,1
5,4,-8,TICKING,LOADED,1
5,3,-12,TICKING,LOADED,1
-2,-3,-3,TICKING,LOADED,3
2,0,2,TICKING,LOADED,1
5,4,-7,TICKING,LOADED,2
6,3,4,TICKING,LOADED,1
-6,-1,-5,TICKING,LOADED,1
1,1,-1,TICKING,LOADED,1
-1,1,-2,TICKING,LOADED,1
-1,-3,-2,TICKING,LOADED,1
-8,0,-2,TICKING,LOADED,1
3,4,-5,TICKING,LOADED,1
-2,3,6,TICKING,LOADED,1
-4,3,5,TICKING,LOADED,1
